<?xml version="1.0" encoding="UTF-8" standalone="yes"?>
<addon id="plugin.video.KinoLeak"
       name="KinoLeak"
       version="0.1.9"
       provider-name="Mentality">
  <requires>
    <import addon="xbmc.python" version="2.1.0"/>
    <!-- <import addon="script.module.t0mm0.common" version="1.0.0"/> -->
    <!-- <import addon="script.module.metahandler" version="2.5.1"/> -->
    <import addon="script.module.simplejson" version="3.3.0"/>
    <import addon="script.module.addon.common" version="2.0.0"/>
    <import addon="script.module.myconnpy" version="1.1.6"/>
	  </requires>
  <extension point="xbmc.python.pluginsource"
            library="default.py">
        <provides>video</provides>
  </extension>
  <extension point="xbmc.addon.metadata">
    <summary>Mentality stellt vor</summary>
        <description lang="de">
            Datenbank Funktion eingepflegt.[CR]Suchfunktion eingepflegt.[CR]Mentality wünscht viel Spaß!</description>
        <description lang="en">
            German language content.[CR]Own Database implemented.[CR]Search implemented![CR]Mentality is presenting!!!</description>
    <platform>all</platform>
  </extension>
</addon>
